pdf_hash;ratio_id;ratio_code;ratio_value;target_name;target_role;evidence_pages
2139C2AB;1;AU_AG;10.0;Fosterville;MAIN;51
029A004A;1;AU_AG;5.0;Pamour;MAIN;155
02A093E0;1;AG_AU;1.7;Coringa;MAIN;71
02A093E0;2;CU_AU;172.0;Coringa;MAIN;71
02A093E0;3;PB_AU;996.0;Coringa;MAIN;71
02A093E0;4;ZN_AU;1595.0;Coringa;MAIN;71
02A093E0;5;AG_AU;3.35;Coringa;MAIN;71
02A093E0;6;CU_AU;125.0;Coringa;MAIN;71
02A093E0;7;PB_AU;343.0;Coringa;MAIN;71
02A093E0;8;ZN_AU;333.0;Coringa;MAIN;71
02A093E0;9;AG_AU;4.2;Coringa;MAIN;71
02A093E0;10;CU_AU;232.0;Coringa;MAIN;71
02A093E0;11;PB_AU;2700.0;Coringa;MAIN;71
02A093E0;12;ZN_AU;1845.0;Coringa;MAIN;71
02A093E0;13;AG_AU;0.4;Coringa;MAIN;71
02A093E0;14;CU_AU;17.0;Coringa;MAIN;71
02A093E0;15;PB_AU;220.0;Coringa;MAIN;71
02A093E0;16;ZN_AU;76.0;Coringa;MAIN;71
044F99B5;1;AU_AG;0.5;Riacho dos Machados;MAIN;48
044475BA;1;AU_AG;8.0;Hardrock deposit;MAIN;137
049DA365;1;AG_AU;6.0;Taunus;MAIN;39
0527E792;1;AU_AG;3.6;Fayolle deposit;MAIN;53
0BABAA77;1;AU_AG;1.0;Gold Road Mine;MAIN;52
0D138A33;1;AU_AG;5.0;BT deposit;MAIN;25
125F6C94;1;AU_AG;0.1;Cristina;MAIN;56
1B737743;1;AU_AG;0.5;Borborema deposit;MAIN;88
1CAE0FC0;1;AU_AG;1.0;Santa Gertrudis;MAIN;72
1CAE0FC0;2;AU_AG;0.1;Cristina;MAIN;72|76
235457EF;1;AG_AU;0.4;Los Planes and Las Colinas;MAIN;25
27A3E693;1;AU_AG;0.1;Cristina;MAIN;69|73
28F0A9C8;1;AU_AG;1.0;North Stock;MAIN;54
2CB5A3A2;1;AU_AG;1.0;Gold Road Mine;MAIN;36
2ED1333E;1;AU_AG;5.0;True North;MAIN;71
2FD5202A;1;AG_AU;2.5;Grassy Mountain;MAIN;42
31A667DE;1;AU_AG;0.33;Beartrack;MAIN;46
322585EE;1;AU_AG;0.1;Wharf Operation;MAIN;68
347302C7;1;AU_AG;0.05;Lamaque Mine;MAIN;76
355174D9;1;AU_AG;1.0;Fondaway Canyon;MAIN;53|54
3D7B3B36;1;AU_AG;0.625;Nasedkino;MAIN;44
3D7B3B36;2;AU_AG;0.333;Nasedkino;MAIN;48
3D7B3B36;3;AU_AG;5.0;Nasedkino;MAIN;48
3D7B3B36;4;AU_AG;2.0;Nasedkino;MAIN;48
462243E7;1;AU_AG;20.0;Sigma-Lamaque;MAIN;114
467154B4;1;AU_AG;3.6;Fayolle deposit;MAIN;38
48765079;1;AU_AG;3.7;Savkino;MAIN;30
48C76AE7;1;AU_AG;2.22;Upper Canada;MAIN;36
491496E5;1;AU_AG;1.0;Bayan Khundii;MAIN;51
51BE8C2A;1;AU_AG;3.0;Brewery Creek;MAIN;72
5318FA58;1;AU_AG;30.0;Flood Zone;MAIN;38
563EE2C4;1;AU_AG;2.3;Frasergold Zone;MAIN;30
563684EA;1;AG_AU;5.0;Amisk gold deposit;MAIN;46
563684EA;2;AU_AG;10.0;Amisk gold deposit;MAIN;49
56D3BF0A;1;AG_AU;3.0;Resurrection Ridge;MAIN;23
5CBF0D41;1;AU_AG;9.0;Elder;MAIN;52
634658BD;1;AG_AU;6.0;Taunas;MAIN;43
63CC23C1;1;AU_AG;1.5;Robertson;MAIN;81
6A5AF28E;1;AU_AG;1.0;North Stock;MAIN;53|55
7030CDA5;1;AU_AG;1.0;North Stock;MAIN;57|62
7AE997A9;1;AU_AG;2.0;Riacho dos Machados;MAIN;48
8513ED08;1;AU_AG;3.0;Brewery Creek;MAIN;88
893BB876;1;AU_AG;2.0;Riacho dos Machados Mine;MAIN;87
89C7421F;1;AG_AU;0.5;Riacho dos Machados;MAIN;48
8B56DDC5;1;AU_AG;5.0;BT deposit;MAIN;23
8E0D8ECE;1;AU_AG;10.0;Fosterville;MAIN;27
8FB9891B;1;AU_AG;1.0;Los Planes;MAIN;54
9209F4F0;1;AG_AU;1.7;Coringa;MAIN;67
9209F4F0;2;CU_AU;172.0;Coringa;MAIN;67
9209F4F0;3;PB_AU;996.0;Coringa;MAIN;67
9209F4F0;4;ZN_AU;1595.0;Coringa;MAIN;67
9209F4F0;5;AG_AU;3.35;Coringa;MAIN;67
9209F4F0;6;CU_AU;125.0;Coringa;MAIN;67
9209F4F0;7;PB_AU;343.0;Coringa;MAIN;67
9209F4F0;8;ZN_AU;333.0;Coringa;MAIN;67
9209F4F0;9;AG_AU;4.2;Coringa;MAIN;67
9209F4F0;10;CU_AU;232.0;Coringa;MAIN;67
9209F4F0;11;PB_AU;2700.0;Coringa;MAIN;67
9209F4F0;12;ZN_AU;1845.0;Coringa;MAIN;67
9209F4F0;13;AG_AU;0.4;Coringa;MAIN;67
9209F4F0;14;CU_AU;17.0;Coringa;MAIN;67
9209F4F0;15;PB_AU;220.0;Coringa;MAIN;67
9209F4F0;16;ZN_AU;76.0;Coringa;MAIN;67
9A9C188C;1;AU_AG;10.0;Fosterville Gold Mine;MAIN;37
A036F348;1;AU_AG;3.0;Brewery Creek Reserve Trend;MAIN;71
A286EBB1;1;AG_AU;50.0;Helen Zone;MAIN;41
A34636C2;1;AU_AG;1.0;Muir's Project;MAIN;18
A3769907;1;AU_AG;4.0;North Lake deposit;MAIN;66
A64511D8;1;AU_AG;10.0;Fosterville;MAIN;30
A7A69ABF;1;AU_AG;3.0;Brewery Creek;MAIN;66
AA2DF1BA;1;AU_AG;0.5;Borborema;MAIN;88
B109A2AD;1;AU_AG;0.47;Surselva;MAIN;45
B109A2AD;2;AU_AG;0.91;Surselva;MAIN;45
B109A2AD;3;AU_AG;3.76;Surselva;MAIN;45
B109A2AD;4;AU_AG;1.65;Surselva;MAIN;50
B109A2AD;5;AU_AG;2.0;Surselva;MAIN;52
B14BD2DA;1;AG_AU;1.7;Coringa;MAIN;68
B14BD2DA;2;CU_AU;172.0;Coringa;MAIN;68
B14BD2DA;3;PB_AU;996.0;Coringa;MAIN;68
B14BD2DA;4;ZN_AU;1595.0;Coringa;MAIN;68
B14BD2DA;5;AG_AU;3.35;Coringa;MAIN;68
B14BD2DA;6;CU_AU;125.0;Coringa;MAIN;68
B14BD2DA;7;PB_AU;343.0;Coringa;MAIN;68
B14BD2DA;8;ZN_AU;333.0;Coringa;MAIN;68
B14BD2DA;9;AG_AU;4.2;Coringa;MAIN;68
B14BD2DA;10;CU_AU;232.0;Coringa;MAIN;68
B14BD2DA;11;PB_AU;2700.0;Coringa;MAIN;68
B14BD2DA;12;ZN_AU;1845.0;Coringa;MAIN;68
B14BD2DA;13;AG_AU;0.4;Coringa;MAIN;68
B14BD2DA;14;CU_AU;17.0;Coringa;MAIN;68
B14BD2DA;15;PB_AU;220.0;Coringa;MAIN;68
B14BD2DA;16;ZN_AU;76.0;Coringa;MAIN;68
B1A42887;1;AU_AG;10.0;Fosterville;MAIN;41
B71D484D;1;AU_AG;0.5;Sleeping Giant Mine;MAIN;17
B82BC835;1;AU_AG;3.0;Brewery Creek Project;MAIN;71
C40FA5C9;1;AG_AU;0.74;Dolphin;MAIN;51
C7F84FF8;1;AU_AG;6.0;Bell Creek Complex;MAIN;25
CA66A9C6;1;AU_AG;1.0;North Stock;MAIN;53
CBBEF9F4;1;AU_AG;0.5;Sleeping Giant Mine;MAIN;17
CD570B87;1;AU_AG;1.0;Mineral Ridge;MAIN;63
CE5CDB4D;1;AU_AG;1.0;Gramalote Ridge;MAIN;31
CEBC60EF;1;AU_AG;20.0;Sigma-Lamaque;MAIN;117
7E9A60AF;1;AU_AG;1.0;Mineral Ridge;MAIN;52
81F1CA0D;1;AU_AG;3.0;Brewery Creek Project;MAIN;70
D645D0F0;1;AU_AG;10.0;Gold Bar North;MAIN;85
D87093B7;1;AU_AG;2.0;Riacho dos Machados;MAIN;49
DD275AB6;1;AU_AG;1.0;Dora;MAIN;47
DE27B6DA;1;AU_AG;9.82;Holy Terror Gold Project;MAIN;45
DE4BC606;1;AG_AU;1.7;Coringa;MAIN;55
DE4BC606;2;CU_AU;172.0;Coringa;MAIN;55
DE4BC606;3;PB_AU;996.0;Coringa;MAIN;55
DE4BC606;4;ZN_AU;1595.0;Coringa;MAIN;55
DE4BC606;5;AG_AU;3.35;Coringa;MAIN;55
DE4BC606;6;CU_AU;125.0;Coringa;MAIN;55
DE4BC606;7;PB_AU;343.0;Coringa;MAIN;55
DE4BC606;8;ZN_AU;333.0;Coringa;MAIN;55
DE4BC606;9;AG_AU;4.2;Coringa;MAIN;55
DE4BC606;10;CU_AU;232.0;Coringa;MAIN;55
DE4BC606;11;PB_AU;2700.0;Coringa;MAIN;55
DE4BC606;12;ZN_AU;1845.0;Coringa;MAIN;55
DE4BC606;13;AG_AU;0.4;Coringa;MAIN;55
DE4BC606;14;CU_AU;17.0;Coringa;MAIN;55
DE4BC606;15;PB_AU;220.0;Coringa;MAIN;55
DE4BC606;16;ZN_AU;76.0;Coringa;MAIN;55
E201A112;1;AG_AU;0.5;Riacho dos Machados;MAIN;50
EBFEE21F;1;AU_AG;0.2;Coffee;MAIN;53
EBFEE21F;2;AU_AG;0.077;Coffee;MAIN;53
F0E4420C;1;AU_AG;0.5;Borborema;MAIN;85
F18DC39A;1;AU_AG;4.0;Brookbank Deposit;MAIN;17|57
F34730EA;1;AU_AG;10.0;Drevniy;MAIN;28
F4740DAB;1;AU_AG;10.0;Fosterville;MAIN;38
F748F22F;1;AU_AG;5.0;True North;MAIN;49
046BD206;1;AU_AG;0.01;Main Zone;MAIN;27
06D8AEF3;1;AG_AU;225.0;Guanajuato Mine;MAIN;46
06D8AEF3;2;AG_AU;250.0;Guanajuato Mine;MAIN;46
06D8AEF3;3;AG_AU;275.0;Guanajuato Mine;MAIN;46
06D8AEF3;4;AG_AU;3.5;Guanajuato Mine;MAIN;46
109879D1;1;AU_AG;0.015625;El Cubo;MAIN;62
153B0FD8;1;AU_AG;0.0044;Guanajuato Mine;MAIN;49
153B0FD8;2;AU_AG;0.004;Guanajuato Mine;MAIN;49
153B0FD8;3;AU_AG;0.0036;Guanajuato Mine;MAIN;49
153B0FD8;4;AU_AG;0.2857;Guanajuato Mine;MAIN;49
1B475F9E;1;AU_AG;0.002;La Preciosa;MAIN;57
2302A68F;1;AU_AG;0.0044;Guanajuato Mine;MAIN;47
2302A68F;2;AU_AG;0.004;Guanajuato Mine;MAIN;47
2302A68F;3;AU_AG;0.0036;Guanajuato Mine;MAIN;47
2302A68F;4;AU_AG;0.2857;Guanajuato Mine;MAIN;47
288D2C3D;1;AG_AU;48.0;Queen Structure;MAIN;55
2957E15D;1;AU_AG;0.001;Martha;MAIN;26
29C562B1;1;AU_AG;0.015625;El Cubo;MAIN;54
431A790D;1;AG_AU;48.0;Mogollon District Veins;MAIN;75
45A8DF79;1;AG_PB;0.36;SGX Area;MAIN;22
45A8DF79;2;ZN_PB;0.74;SGX Area;MAIN;22
4EE12A65;1;AG_AU;150.0;Nivloc;MAIN;55
50B20583;1;AU_AG;0.01;Tonopah Camp;MAIN;38
51F9CC3A;1;AG_AU;225.0;Veta Madre;MAIN;53
51F9CC3A;2;AG_AU;250.0;Veta Madre;MAIN;53
51F9CC3A;3;AG_AU;275.0;Veta Madre;MAIN;53
51F9CC3A;4;AG_AU;3.5;Veta Madre;MAIN;53
52A18DBD;1;AU_AG;0.0044;Veta Madre;MAIN;43
52A18DBD;2;AU_AG;0.004;Veta Madre;MAIN;43
52A18DBD;3;AU_AG;0.286;Veta Madre;MAIN;43
526C65BD;1;AU_AG;0.0025;Candelaria;MAIN;47
575F47F3;1;AU_AG;0.0067;Palmarejo;MAIN;46
5F29A178;1;AU_AG;0.0044;Veta Madre;MAIN;23
5F29A178;2;AU_AG;0.004;Veta Madre;MAIN;23
5F29A178;3;AU_AG;0.0036;Veta Madre;MAIN;23
5F29A178;4;AU_AG;0.2857;Veta Madre;MAIN;23
61CC4A16;1;AG_AU;225.0;Veta Madre;MAIN;21
61CC4A16;2;AG_AU;250.0;Veta Madre;MAIN;21
61CC4A16;3;AG_AU;275.0;Veta Madre;MAIN;21
61CC4A16;4;AG_AU;3.5;Veta Madre;MAIN;21
73B835CA;1;AG_AU;225.0;Veta Madre;MAIN;67
73B835CA;2;AG_AU;250.0;Veta Madre;MAIN;67
73B835CA;3;AG_AU;275.0;Veta Madre;MAIN;67
73B835CA;4;AG_AU;3.5;Veta Madre;MAIN;67
722170EA;1;AU_AG;0.00014;Trinity;MAIN;43
758046AC;1;AU_AG;1.0;Santa Ana;MAIN;81
8014108F;1;AG_AU;581.0;La Preciosa;MAIN;24
80A19EB4;1;AG_AU;609.0;La Preciosa;MAIN;25
865EC94A;1;AG_CU;26.0;Galena mine complex;MAIN;32
865EC94A;2;AG_CU;27.5;Galena mine complex;MAIN;34
865EC94A;3;AG_PB;0.9;Galena mine complex;MAIN;34
87E39EC6;1;AG_AU;35.0;Cerro Punapuna;MAIN;30
87E39EC6;2;AG_AU;70.0;Cerro Punapuna;MAIN;30
87E39EC6;3;AG_AU;20.0;Cerro Punapuna;MAIN;30
87E39EC6;4;AG_AU;454.0;Cerro Punapuna;MAIN;37
87E39EC6;5;AG_AU;636.0;Cerro Punapuna;MAIN;37
8E1DB40A;1;AG_AU;225.0;Veta Madre;MAIN;42
8E1DB40A;2;AG_AU;250.0;Veta Madre;MAIN;42
8E1DB40A;3;AG_AU;275.0;Veta Madre;MAIN;42
8E1DB40A;4;AG_AU;3.5;Veta Madre;MAIN;42
8E2BF70A;1;AU_AG;0.00125;Joaquin;MAIN;26
8E2BF70A;2;AU_AG;0.1;Joaquin;MAIN;26
8F777DB1;1;AG_AU;150.0;Nivloc Vein;MAIN;63
8FFED014;1;AU_AG;0.01;San Miguel;MAIN;56
9130AE3B;1;AU_AG;0.01;Pearce Hill;MAIN;117
9130AE3B;2;AU_AG;0.05;Pearce Hill;MAIN;118
94862B1D;1;AG_AU;500.0;Hackberry;MAIN;47
95B8DD31;1;AU_AG;0.01;Tonopah West;MAIN;52
97F6E398;1;AG_AU;100.0;Trinidad deposit;MAIN;45
9C491D9A;1;AG_AU;400.0;Candelaria;MAIN;51
9C74240D;1;AU_AG;0.0067;Palmarejo;MAIN;46
9F12079E;1;AG_CU;26.0;Galena Mine Complex;MAIN;30
A007F06A;1;AU_AG;0.015625;El Cubo;MAIN;55
A4E16B89;1;AU_AG;0.001;Martha System;MAIN;26
AE892668;1;AG_AU;48.0;Mogollon Vein System;MAIN;56
BDE07C79;1;AG_AU;225.0;Guanajuato Mine;MAIN;47
BDE07C79;2;AG_AU;250.0;Guanajuato Mine;MAIN;47
BDE07C79;3;AG_AU;275.0;Guanajuato Mine;MAIN;47
BDE07C79;4;AG_AU;3.5;Guanajuato Mine;MAIN;47
C06D7BD0;1;AG_AU;109.0;Santa Cruz;MAIN;21
C44653FF;1;SB_CU;0.7;Galena Complex;MAIN;52
C6DFCB14;1;PB_ZN;0.8;San Felipe;MAIN;86
C6DFCB14;2;PB_ZN;0.6;San Felipe;MAIN;86
D6AC7610;1;AU_AG;0.002;La Preciosa;MAIN;84
D7086C57;1;ZN_PB;2.0;Greens Creek;MAIN;97
D91354DB;1;AG_AU;100.0;Trinidad;MAIN;45
DA04925F;1;AG_AU;100.0;Trinidad deposit;MAIN;44
DA69AFEB;1;AG_AU;225.0;Guanajuato Mine;MAIN;45
DA69AFEB;2;AG_AU;250.0;Guanajuato Mine;MAIN;45
DA69AFEB;3;AG_AU;275.0;Guanajuato Mine;MAIN;45
DA69AFEB;4;AG_AU;3.5;Guanajuato Mine;MAIN;45
DB4CC708;1;AG_AU;40.0;Silver Chalice;MAIN;18
DB4CC708;2;AG_AU;1200.0;Silver Chalice;MAIN;18
DF699786;1;AU_AG;0.0156;El Cubo;MAIN;74
E286629C;1;AG_AU;225.0;Veta Madre;MAIN;78
E286629C;2;AG_AU;250.0;Veta Madre;MAIN;78
E286629C;3;AG_AU;275.0;Veta Madre;MAIN;78
E286629C;4;AG_AU;3.5;Veta Madre;MAIN;78
E7FB2605;1;AG_AU;554.0;La Escondida Vein System;MAIN;25
EB41AC63;1;AG_AU;225.0;Guanajuato Mine;MAIN;58
EB41AC63;2;AG_AU;250.0;Guanajuato Mine;MAIN;58
EB41AC63;3;AG_AU;275.0;Guanajuato Mine;MAIN;58
EB41AC63;4;AG_AU;3.5;Guanajuato Mine;MAIN;58
EDA500D4;1;AU_AG;0.0044;Valenciana Mines Complex;MAIN;65
EDA500D4;2;AU_AG;0.004;Valenciana Mines Complex;MAIN;65
EDA500D4;3;AU_AG;0.0036;Valenciana Mines Complex;MAIN;65
EDA500D4;4;AU_AG;0.2857;Valenciana Mines Complex;MAIN;65
FB036D67;1;AU_AG;0.0044;Guanajuato Mine;MAIN;49
FB036D67;2;AU_AG;0.004;Guanajuato Mine;MAIN;49
FB036D67;3;AU_AG;0.0036;Guanajuato Mine;MAIN;49
FB036D67;4;AU_AG;0.2857;Guanajuato Mine;MAIN;49
FCD81FFC;1;AU_AG;0.0208;Mogollon District Veins;MAIN;53
0B5508B1;1;AU_CU;9.5e-05;Mazamorras;MAIN;37
0EA1B563;1;AG_AU;100.0;Espiritu Porphyry System;MAIN;28
140607B1;1;AU_CU;0.5;Valeriano;MAIN;53
140607B1;2;AU_CU;1.0;Valeriano;MAIN;53
16E5B84D;1;AU_CU;0.33;La Fortuna;MAIN;52
16E5B84D;2;AU_CU;1.0;La Fortuna;MAIN;52
16E5B84D;3;AU_CU;2.0;La Fortuna;MAIN;52
1B830ECB;1;AU_CU;1.0;Western Porphyries;MAIN;64
23EB0062;1;LA_YB;5.0;Lansdowne House Igneous Complex;MAIN;74|96
23EB0062;2;LA_YB;11.0;Lansdowne House Igneous Complex;MAIN;72|99
256FDE04;1;AU_AG;2.0;Mount Milligan;MAIN;83
256FDE04;2;AU_CU;1.0;Mount Milligan;MAIN;92
28784297;1;AU_CU;2.0;Central Zone;MAIN;138
28784297;2;AU_CU;0.5;Hugo North gold zone;MAIN;145
2A99EB42;1;AU_CU;0.5;Hugo Dummett;MAIN;159
2BF77B51;1;LA_YB;5.0;Lansdowne House Igneous Complex;MAIN;74|96
2BF77B51;2;LA_YB;11.0;Lansdowne House Igneous Complex;MAIN;72|99
3AB0BC78;1;AU_CU;0.33;La Fortuna;MAIN;52
3AB0BC78;2;AU_CU;1.0;La Fortuna;MAIN;52
3AB0BC78;3;AU_CU;2.0;La Fortuna;MAIN;52
04A302F6;1;RB_SR;0.223;Cannivan Gulch;MAIN;21
0766109B;1;AU_AG;0.4;Topacio Vein System;MAIN;17
08A73147;1;AU_AG;1.0;Vein Zone;MAIN;29
09CE0318;1;PD_PT;5.0;No. 2 Ni showing;MAIN;30
0A84B78A;1;AU_AG;10.0;San Juan veins;MAIN;59
0ACC5BBB;1;AU_AG;0.11;Atlanta Mine;MAIN;25
0BF5C28B;1;PT_PD;4.0;Gulçari A;MAIN;31
10463E22;1;AU_AG;10.0;East Manhattan Project;MAIN;13
104F4913;1;AU_AG;0.2;Graben;MAIN;80
10E39468;1;TA2O5_NB2O5;4.0;Marropino;MAIN;105
10E39468;2;TA2O5_NB2O5;3.0;Marropino;MAIN;105
10E39468;3;TA2O5_NB2O5;3.51;Marropino;MAIN;105
10E39468;4;TA2O5_NB2O5;5.9;Marropino;MAIN;105
1110CA54;1;MG_LI;2.6;Salinas Grandes;MAIN;59
1110CA54;2;SO4_LI;7.3;Salinas Grandes;MAIN;59
11D44AF8;1;AU_AG;0.056;Molejón;MAIN;57
171B1106;1;NI_CU;0.8;Mystery;MAIN;66
17E71F9F;1;CR_FE;2.0;Big Daddy;MAIN;56
18DEE579;1;LREO_HREO;24.0;Sarfartoq REE;MAIN;37
18DEE579;2;LREO_HREO;40.0;Sarfartoq REE;MAIN;37
18DEE579;3;LREO_HREO;52.0;Sarfartoq REE;MAIN;37
18DEE579;4;LA_ND;0.38;Sarfartoq REE;MAIN;37
18DEE579;5;LA_ND;1.06;Sarfartoq REE;MAIN;37
18DEE579;6;LA_ND;2.31;Sarfartoq REE;MAIN;37
18D42717;1;AU_AG;1.0;Fruta del Norte;MAIN;65
18D42717;2;AU_AG;0.1;Fruta del Norte;MAIN;65
1B5D0FA2;1;CR_FE;2.0;Big Daddy;MAIN;53
27E23882;1;AU_AG;0.0059;Santa Lucia North;MAIN;33
27E23882;2;AU_AG;0.0012;Santa Lucia North;MAIN;40
27E23882;3;AU_AG;0.0101;Santa Lucia North;MAIN;50
2D894716;1;AU_AG;0.0294;San José Zone;MAIN;30
3144C8FB;1;K_RB;20.0;Chubb;MAIN;55
32171EDF;1;CR_FE;2.0;Big Daddy;MAIN;56
338815FD;1;AU_AG;0.00667;Palmarejo;MAIN;56
364075B4;1;AG_AU;1.7;Coringa;MAIN;70
364075B4;2;CU_AU;172.0;Coringa;MAIN;70
364075B4;3;PB_AU;996.0;Coringa;MAIN;70
364075B4;4;ZN_AU;1595.0;Coringa;MAIN;70
364075B4;5;AG_AU;3.35;Coringa;MAIN;70
364075B4;6;CU_AU;125.0;Coringa;MAIN;70
364075B4;7;PB_AU;343.0;Coringa;MAIN;70
364075B4;8;ZN_AU;333.0;Coringa;MAIN;70
364075B4;9;AG_AU;4.2;Coringa;MAIN;70
364075B4;10;CU_AU;232.0;Coringa;MAIN;70
364075B4;11;PB_AU;2700.0;Coringa;MAIN;70
364075B4;12;ZN_AU;1845.0;Coringa;MAIN;70
364075B4;13;AG_AU;0.4;Coringa;MAIN;70
364075B4;14;CU_AU;17.0;Coringa;MAIN;70
364075B4;15;PB_AU;220.0;Coringa;MAIN;70
364075B4;16;ZN_AU;76.0;Coringa;MAIN;70
366C4134;1;AG_AU;2.0;Santa Maria vein system;MAIN;17
3B29874E;1;AG_AU;7.0;Charlotte Vein System;MAIN;42
3B29874E;2;AG_AU;3.0;Charlotte Vein System;MAIN;42
3B29874E;3;AG_AU;50.0;Charlotte Vein System;MAIN;42
3D769D3A;1;CU_AU;2.4;Pine Grove;MAIN;32
43044FD1;1;CU_AU;5821.0;Big Kidd Breccia;MAIN;20
4321C418;1;AU_AG;2.57;El Zancudo;MAIN;44
44D10935;1;AG_AU;8.0;Šturec;MAIN;39
4820F8E9;1;CR_FE;2.2;Blackbird deposits;MAIN;49
4B700DD3;1;CU_NI;3.0;Thierry deposit;MAIN;31
4B700DD3;2;CU_NI;8.0;Thierry deposit;MAIN;34
4B700DD3;3;CU_NI;2.0;Thierry deposit;MAIN;34
4B9ACD89;1;AU_AG;0.016;El Creston;MAIN;42
4B9ACD89;2;AU_AG;0.147;El Creston;MAIN;42
4CD384BB;1;AU_AG;4.5;Rocmec 1;MAIN;33
4CD384BB;2;AU_AG;4.5;Rocmec 1;MAIN;39
4DAC653D;1;AU_AG;0.222;Orosi;MAIN;61
5394FE2A;1;AU_AG;0.5;Sleeping Giant Mine;MAIN;17
5604DE16;1;CR2O3_FEO;3.0;Target 1;MAIN;32
58D18899;1;PT_PD;4.0;Gulçari A;MAIN;59
58F0383D;1;AU_CU;1.0;Taysan Copper-Gold Deposit;MAIN;72
5B0F6022;1;NI_CO;3.0;Nkamouna;MAIN;63|64
5B0F6022;2;NI_CO;2.3;Nkamouna;MAIN;63
5B0F6022;3;NI_CO;6.3;Nkamouna;MAIN;63
5B0F6022;4;NI_CO;8.1;Nkamouna;MAIN;63
5D6E947F;1;AU_AG;0.0067;Palmarejo;MAIN;45
616F5B1A;1;CU_NI;1.3;Norton Zone;MAIN;40
616F5B1A;2;PD_PT;6.0;Norton Zone;MAIN;40
61BB88E9;1;MO_CU;0.15;Mocoa;MAIN;32
698D9636;1;AU_AG;2.6;Northumberland;MAIN;43
69D8AAEE;1;NI_CU;0.8;Puimajuq;MAIN;26
6A689039;1;NI_CU;0.8;Allammaq Deposit;MAIN;31
6CC70D44;1;AU_AG;0.05;Calandria Sur;MAIN;28
6E0E4155;1;CU_NI;14.5;Marathon PGM-Cu deposit;MAIN;58
6E0E4155;2;PD_PT;2.99;Marathon PGM-Cu deposit;MAIN;58
6F94257F;1;AU_AG;0.0067;Palmarejo;MAIN;55
70681CDD;1;AU_AG;0.067;El Zapote;MAIN;29
7142AE09;1;NI_CO;3.0;Nkamouna;MAIN;58|59
7142AE09;2;NI_CO;6.3;Nkamouna;MAIN;58
7142AE09;3;NI_CO;8.1;Nkamouna;MAIN;58
768ADE26;1;AG_AU;65.0;Summit Mine;MAIN;35
768ADE26;2;AG_AU;90.0;Summit Mine;MAIN;35
768ADE26;3;AG_AU;45.0;Summit Mine;MAIN;35
768ADE26;4;AG_AU;30.0;Summit Mine;MAIN;35
76F79B3B;1;AU_CU;0.5;Hugo North Extension;MAIN;99
775641DD;1;AU_AG;0.1;Zaca deposit;MAIN;38
775641DD;2;AU_AG;0.04;Zaca deposit;MAIN;38
775641DD;3;AU_AG;0.005;Zaca deposit;MAIN;38
7EA9F9C8;1;AU_CU;1.0;Rovina;MAIN;90
009E0E02;1;ZN_PB;35.0;Empire State Mines;MAIN;52
00A1F635;1;CU_CO;0.5;Nama;MAIN;33
01995397;1;MG_LI;6.53;Salar de Maricunga Brine;MAIN;63
01995397;2;K_LI;7.23;Salar de Maricunga Brine;MAIN;63
01995397;4;SO4_LI;0.64;Salar de Maricunga Brine;MAIN;65
01995397;5;SO4_MG;0.097;Salar de Maricunga Brine;MAIN;65
01995397;6;CA_LI;9.5;Salar de Maricunga Brine;MAIN;65
03D67450;1;NI_CU;4.0;Greenland Norite Belt;MAIN;64
03D67450;2;NI_CU;14.0;Greenland Norite Belt;MAIN;64
03D67450;3;NI_CO;30.0;Greenland Norite Belt;MAIN;64
03D67450;4;NI_CO;32.3;Greenland Norite Belt;MAIN;64
04F6F424;1;MG_LI;6.55;Salar de Maricunga;MAIN;90
04F6F424;2;CA_LI;12.04;Salar de Maricunga;MAIN;90
04F6F424;3;K_LI;7.35;Salar de Maricunga;MAIN;90
068E29DE;1;MG_LI;3.0;Terra Cotta Project;MAIN;35
068E29DE;2;MG_LI;10.0;Terra Cotta Project;MAIN;35
06AEBD77;1;MG_LI;3.3;Salar de Pozuelos;MAIN;58
0709CC79;1;TH_U;0.25;Etango;MAIN;60
0960013A;1;MG_LI;5.0;Salar Incahuasi;MAIN;48
0C431B4C;1;MG_LI;6.55;Salar de Maricunga;MAIN;94|96
0C431B4C;2;CA_LI;12.04;Salar de Maricunga;MAIN;94
0C431B4C;3;K_LI;7.35;Salar de Maricunga;MAIN;94|96
0C431B4C;4;SO4_LI;0.64;Salar de Maricunga;MAIN;96
0C431B4C;5;SO4_MG;0.097;Salar de Maricunga;MAIN;96
0C431B4C;6;CA_LI;9.5;Salar de Maricunga;MAIN;96
0CA3F165;1;CA_P2O5;1.5;Makatea;MAIN;38|40
1278190C;1;V2O5_U3O8;5.25;La Sal Project;MAIN;34
180DE2C3;1;CU_NI;14.5;Marathon Deposit;MAIN;151
180DE2C3;2;PD_PT;2.99;Marathon Deposit;MAIN;151
183758FF;1;MG_LI;8.0;Salar de Pastos Grandes;MAIN;55
183758FF;2;K_LI;11.0;Salar de Pastos Grandes;MAIN;55
18BF480C;1;NI_CU;2.0;Kenbridge Deposit;MAIN;89
191D3FEB;1;MG_LI;1.66;3Q Salar;MAIN;82
191D3FEB;2;SO4_LI;0.49;3Q Salar;MAIN;82
1C3D1080;1;ZN_PB;1.0;El Mochito;MAIN;66
1F578809;1;ZN_PB;0.4;Song Toh;MAIN;71
1F578809;2;ZN_PB;2.0;Song Toh;MAIN;71
217B0C68;1;PT_PD;0.59;Waterberg;MAIN;73
21D9DC51;1;CU_PD;3800.0;Marathon Deposit;MAIN;121
21D9DC51;2;CU_NI;14.5;Marathon Deposit;MAIN;149
21D9DC51;3;PD_PT;2.99;Marathon Deposit;MAIN;149
22328F9B;1;MG_LI;6.53;Salar de Maricunga;MAIN;106
22328F9B;2;K_LI;7.23;Salar de Maricunga;MAIN;106
2C304154;1;MG_LI;8.0;Salar de Pastos Grandes;MAIN;34
2C304154;2;K_LI;11.0;Salar de Pastos Grandes;MAIN;34
2CF1F0D4;1;HREE_TREE;96.3;Area 4;MAIN;91
2D96301D;1;U_V;0.59;Hauber Mine;MAIN;24
2DDDE196;1;FE_MG;2.3;WRCB;MAIN;105
2FEB72F8;1;CU_NI;1.3;Norton Zone;MAIN;97
2FEB72F8;2;PD_PT;6.0;Norton Zone;MAIN;97
30631A07;1;ZN_PB;35.0;Empire State Mines;MAIN;61
311A3FFE;1;PT_PD;0.59;Waterberg Project;MAIN;117
312E4E0E;1;MG_LI;6.3;Salar de Pastos Grandes;MAIN;63
312E4E0E;2;MG_LI;8.0;Salar de Pastos Grandes;MAIN;72
312E4E0E;3;K_LI;11.0;Salar de Pastos Grandes;MAIN;72
35BAD742;1;MG_LI;2.0;Salar de Olaroz;MAIN;66
35BAD742;2;K_LI;7.0;Salar de Olaroz;MAIN;66
35BAD742;3;SO4_LI;23.0;Salar de Olaroz;MAIN;66
37AED8B6;1;PT_PD;3.0;Pecors Magnetic Anomaly;MAIN;49
38DEFB0B;1;AU_AG;0.0167;Main Vein;MAIN;42
3D68BC68;1;MG_LI;8.0;Pastos Grandes Salar;MAIN;58
3D68BC68;2;K_LI;11.0;Pastos Grandes Salar;MAIN;58
3FD61476;1;MN_FE;427.0;BMC Manganese Project;MAIN;53
3FFCE597;1;MN_FE;1.8;Polymetallic Nodules;MAIN;107
3FFCE597;2;MN_FE;96.0;Polymetallic Nodules;MAIN;107
4168346A;1;CU_NI;8.0;Thierry Deposit;MAIN;41|44
4168346A;2;CU_NI;2.0;Thierry Deposit;MAIN;41
4168346A;3;PT_PD;0.25;Thierry Deposit;MAIN;44
42D14953;1;ZN_PB;0.167;Bleiberg;MAIN;20
438AB149;1;PT_PD;2.38;Zandfontein UG2 TSF;MAIN;24
438AB149;2;CR_FE;1.34;Zandfontein UG2 TSF;MAIN;24
43A7634C;1;PD_PT;2.0;Trapiá;MAIN;126
461B70C0;1;AU_CU;0.5;Hugo North Extension;MAIN;98
46B9DD11;1;K_RB;125.0;Decelles-Mazerac;MAIN;49
46B9DD11;2;MG_LI;30.0;Decelles-Mazerac;MAIN;49
493A9258;1;NI_CU;2.0;Kenbridge Deposit;MAIN;76
4AF9D48F;1;ZN_PB;10.0;Borys Lake deposit;MAIN;25
4C3B46C9;1;PD_PT;10.0;Roby-Offset deposit;MAIN;54
4C4C7756;1;AU_CU;1.0;Taysan;MAIN;54
4D180964;1;AU_CU;0.5;Ming Mine;MAIN;52
51EBC0FB;1;PT_PD;0.4;Luanga;MAIN;75|76
51EBC0FB;2;PT_PD;0.2;Luanga;MAIN;75|77
51EBC0FB;3;RH_PT;0.2;Luanga;MAIN;75|77
51EBC0FB;5;PT_PD;4.0;Luanga;MAIN;75|80
51EBC0FB;6;RH_PT;0.3;Luanga;MAIN;75|80
51EBC0FB;7;PT_PD;1.0;Luanga;MAIN;75|82
520B92DC;1;NI_CU;4.0;Levack Mine;MAIN;50
520B92DC;2;NI_CU;1.0;Levack Mine;MAIN;54
5245F6DD;1;AU_AG;0.1;Cotabambas;MAIN;41
554201A6;1;PT_PD;4.0;Gulçari A (Campbell Pit);MAIN;119
56E8007B;1;PT_PD;2.38;Zandfontein TSF;MAIN;44
56E8007B;2;CR_FE;1.35;Zandfontein TSF;MAIN;47
56E8007B;3;CR_FE;1.28;Zandfontein TSF;MAIN;47
578B523C;1;MG_LI;5.2;Pastos Grandes;MAIN;37
578B523C;2;SO4_LI;16.3;Pastos Grandes;MAIN;37
578B523C;3;K_LI;8.6;Pastos Grandes;MAIN;37
5995CF9F;1;PD_PT;1.7;Waterberg Project;MAIN;68
5DE3FC39;1;AU_CU;1.0;Kiseljak;MAIN;38
5E7A54F5;1;AU_CU;1.0;Stockwork Hill;MAIN;109
5E7A54F5;2;AU_CU;2.0;Stockwork Hill;MAIN;109
5E7A54F5;3;AU_CU;3.0;Stockwork Hill;MAIN;109
5E7A54F5;4;AU_CU;0.5;Stockwork Hill;MAIN;110
633EDBC2;1;U_V;1.0;Powerline Project;MAIN;56
635E4B60;1;MG_LI;5.0;Incahuasi Salar Brine;MAIN;58
63675312;1;V_U;0.5;Mag Uranium project;MAIN;35
63675312;2;V_U;7.5;Mag Uranium project;MAIN;38
63675312;3;V_U;1.3;Mag Uranium project;MAIN;40
63A59023;1;AU_CU;0.5;Ming Mine;MAIN;61
646FC9B3;1;PD_PT;2.6;Maturi;MAIN;106
6499A626;1;CU_PD;3800.0;Marathon deposit;MAIN;114
6499A626;2;CU_NI;14.5;Marathon deposit;MAIN;139|140
6499A626;3;PD_PT;2.99;Marathon deposit;MAIN;139
64E55CFA;1;ZN_PB;0.4;Song Toh and Boh Yai;MAIN;61
64E55CFA;2;ZN_PB;2.0;Song Toh and Boh Yai;MAIN;61
6610EABB;1;RH_PT;0.11;Stillwater West;MAIN;54
66946CED;1;RH_PT;0.11;Stillwater West;MAIN;64
66946CED;2;PD_PT;3.4;Stillwater West;MAIN;74
677A09E4;1;AU_CU;2.5;Central Zone;MAIN;149
68EF9909;1;NI_CU;10.0;Luanga;MAIN;97
68EF9909;3;PT_PD;4.0;Luanga;MAIN;97
68EF9909;4;RH_PT;0.3;Luanga;MAIN;97
68EF9909;5;PT_PD;0.15;Luanga;MAIN;97
6A239756;1;MO_CU;0.058;Adriana Hill;MAIN;25
6A239756;2;MO_CU;0.122;Adriana Hill;MAIN;25
6A239756;3;MO_CU;0.5;Adriana Hill;MAIN;25
71044288;1;MG_LI;6.3;Salar de Pastos Grandes;MAIN;63
71044288;2;MG_LI;8.0;Salar de Pastos Grandes;MAIN;71
71044288;3;K_LI;11.0;Salar de Pastos Grandes;MAIN;71
717A8CD2;1;CR_FE;2.38;Puddy-Chrome;MAIN;52
717A8CD2;2;CR_FE;2.56;Puddy-Chrome;MAIN;52
7215A62F;1;BA_SR;25.0;Lemarchant Deposit;MAIN;46
7203A993;1;CU_NI;14.5;Marathon Deposit;MAIN;134
7203A993;2;PD_PT;2.99;Marathon Deposit;MAIN;134
726558CE;1;ZN_PB;2.44;Key Anacon;MAIN;44
7458F7D2;1;PT_PD;1.0;Platreef;MAIN;133
7E577BAE;1;AU_AG;2.0;Mineral Ridge;MAIN;101
7E83C46B;1;PT_PD;0.5;Luanga;MAIN;94|95
7E83C46B;3;PT_PD;1.5;Luanga;MAIN;94|97
7E83C46B;4;PT_PD;4.0;Luanga;MAIN;94|99
7E83C46B;5;RH_PT;0.3;Luanga;MAIN;94|99
7E83C46B;6;PT_PD;0.15;Luanga;MAIN;94|102
7E83C46B;8;CU_NI;0.15;Luanga;MAIN;102
809A6B12;1;V2O5_U3O8;4.0;La Sal Trend;MAIN;46
809A6B12;2;V2O5_U3O8;5.25;La Sal Trend;MAIN;46
80E92208;1;AU_CU;3.5;Rio Grande;MAIN;38
80E92208;2;AU_CU;1.0;Rio Grande;MAIN;38
8224D7B4;1;PT_PD;0.59;Waterberg Project;MAIN;129|130
82E13281;1;U_MO;1.0;Central Mining Area;MAIN;90
83A17AC7;1;CU_NI;6.8;Campbell Zone;MAIN;36
83D9ABE9;1;PD_PT;3.5;J-M Reef;MAIN;23|27
83D9ABE9;2;PD_PT;3.9;J-M Reef;MAIN;23|27
83D9ABE9;3;PD_PT;3.6;J-M Reef;MAIN;27
83D9ABE9;4;PD_PT;3.7;J-M Reef;MAIN;27
84AD0B90;1;AU_CU;0.5;Ming Mine;MAIN;59
86240715;1;AU_AG;2.0;Mount Milligan;MAIN;62
86240715;2;AU_CU;1.0;Mount Milligan;MAIN;71
8656E6FD;1;CO_NI;2.0;Nkamouna and Mada;MAIN;46
8656E6FD;2;NI_CO;3.0;Nkamouna and Mada;MAIN;47
8656E6FD;3;NI_CO;6.3;Nkamouna and Mada;MAIN;47
8656E6FD;4;NI_CO;8.1;Nkamouna and Mada;MAIN;47
87EA5AFA;1;CU_NI;8.0;Thierry Deposit;MAIN;93
893750C7;1;TH_U;0.25;Etango;MAIN;55
89B08996;1;LA_SMCN;2.63;Seagull Intrusion;MAIN;22
89B08996;2;GD_YBCN;3.39;Seagull Intrusion;MAIN;22
8E567A46;1;NI_CU;0.8;Expo Deposit;MAIN;118
905898D4;1;AU_CU;0.5;Hugo North Extension;MAIN;137
9083ED04;1;MG_LI;6.3;Salar de Pastos Grandes;MAIN;58
9083ED04;2;MG_LI;8.0;Salar de Pastos Grandes;MAIN;67
9083ED04;3;K_LI;11.0;Salar de Pastos Grandes;MAIN;67
910F3237;1;AG_AU;65.0;Rosario vein;MAIN;52
918B66FA;1;MG_LI;1.99;3Q Salt flat Complex;MAIN;69
918B66FA;2;SO4_LI;0.52;3Q Salt flat Complex;MAIN;69
91AC5627;1;AU_AG;2.0;Mount Milligan;MAIN;79
922D5CF6;1;MG_LI;2.6;Salar de Diablillos;MAIN;21
942D6189;1;ZN_PB;1.0;Magistral Deposits;MAIN;123
942D6189;2;ZN_PB;2.0;Magistral Deposits;MAIN;123
94C5EB09;1;PT_PD;4.0;Gulcari A;MAIN;61
98A00060;1;MG_LI;13.12;Amanecer;MAIN;38|39
98A00060;2;K_LI;32.82;Amanecer;MAIN;38|39
98A00060;3;SO4_LI;130.86;Amanecer;MAIN;39
98A00060;4;SO4_MG;9.97;Amanecer;MAIN;39
98A00060;5;CA_LI;9.92;Amanecer;MAIN;39
9920E33F;1;AU_CU;0.5;Ming Mine;MAIN;60
992D8378;1;MG_LI;6.55;Salar de Maricunga;MAIN;69|71
992D8378;2;K_LI;7.35;Salar de Maricunga;MAIN;69|71
992D8378;4;SO4_LI;0.64;Salar de Maricunga;MAIN;71
992D8378;5;SO4_MG;0.097;Salar de Maricunga;MAIN;71
992D8378;6;CA_LI;9.5;Salar de Maricunga;MAIN;71
99A51D49;1;MG_LI;1.71;3Q Salar;MAIN;87
99A51D49;2;SO4_LI;0.38;3Q Salar;MAIN;87
9A4DF22B;1;LREO_HREO;24.0;Sarfartoq REE;MAIN;37
9A4DF22B;2;LREO_HREO;40.0;Sarfartoq REE;MAIN;37
9A4DF22B;3;LREO_HREO;52.0;Sarfartoq REE;MAIN;37
9A4DF22B;4;LA_ND;0.38;Sarfartoq REE;MAIN;37
9A4DF22B;5;LA_ND;1.06;Sarfartoq REE;MAIN;37
9A4DF22B;6;LA_ND;2.31;Sarfartoq REE;MAIN;37
9A52CA8B;1;MG_LI;2.6;Salar de Cauchari;MAIN;96
9A52CA8B;2;K_LI;8.6;Salar de Cauchari;MAIN;96|97
9A52CA8B;4;SO4_LI;37.0;Salar de Cauchari;MAIN;98
9A52CA8B;5;SO4_MG;14.45;Salar de Cauchari;MAIN;98
9A52CA8B;6;CA_LI;0.93;Salar de Cauchari;MAIN;98
9B4BC150;1;TA_NB;2.0;Greenbushes;MAIN;30
9B519B71;1;ZN_PB;1.0;El Mochito;MAIN;93
9BFBAE5B;1;CR_FE;1.75;Big Daddy;MAIN;38
9C069FCC;1;AU_CU;1.0;Taysan;MAIN;59
9CBA58B5;1;PT_PD;0.88;Seagull Intrusion;MAIN;62
9D67290D;1;K_RB;23.84;Cruzeta Target;MAIN;58|60
9D67290D;2;K_RB;36.36;Cruzeta Target;MAIN;58|60
9D67290D;3;K_RB;36.42;Cruzeta Target;MAIN;58|60
9D73C3A5;1;CR_FE;1.5;Menarik Complex;MAIN;42
9D73C3A5;2;PD_PT;4.0;Menarik Complex;MAIN;43
9D8B7D23;1;V2O5_U3O8;5.0;Bullfrog deposit;MAIN;44
9DB49FE0;1;PT_PD;1.0;Block Creek intrusion;MAIN;17
9EE30100;1;MG_LI;2.37;Cauchari Salar;MAIN;130
9EE30100;2;K_LI;8.08;Cauchari Salar;MAIN;130
9EE30100;3;SO4_LI;28.28;Cauchari Salar;MAIN;130
9EE30100;4;SO4_MG;11.96;Cauchari Salar;MAIN;130
9EE30100;5;SO4_K;3.5;Cauchari Salar;MAIN;130
9F80D5D7;1;CU_NI;2.0;South Contact Zone;MAIN;65
A04711B9;1;TA_NB;2.0;Greenbushes;MAIN;28
A112DAE2;1;V2O5_U3O8;4.25;Energy Queen;MAIN;12
A3ABE5B4;1;PD_PT;2.4;Levack Footwall Deposit (LFD);MAIN;57
A565FBF6;1;PT_PD;0.588;Waterberg Project;MAIN;46|47
A5BF14C9;1;CU_NI;14.5;Marathon Deposit;MAIN;169
A5BF14C9;2;PD_PT;2.99;Marathon Deposit;MAIN;169
A65B3AD5;1;AU_AG;0.1;Cotabambas;MAIN;91
A6962362;1;V2O5_U3O8;1.8;Henry Mountains Complex;MAIN;50
A6962362;2;V2O5_U3O8;1.7;Henry Mountains Complex;MAIN;54
A6962362;3;V2O5_U3O8;1.11;Henry Mountains Complex;MAIN;54
A6962362;4;V2O5_U3O8;1.89;Henry Mountains Complex;MAIN;54
A6A749C1;1;NA_CL;1.0;Clayton Valley Brine Project;MAIN;42|43
A71A1980;1;V2O5_U3O8;3.4;Energy Queen;MAIN;11
A71A1980;2;V2O5_U3O8;4.25;Energy Queen;MAIN;11
A7D81D5D;1;MG_LI;3.27;HMN Project;MAIN;62
A7D81D5D;2;SO4_LI;16.62;HMN Project;MAIN;62
A80756D5;1;CR_FE;3.0;Bulqiza-Batra;MAIN;38
A80756D5;2;CR_FE;2.7;Bulqiza-Batra;MAIN;38
A80756D5;3;CR_FE;2.6;Bulqiza-Batra;MAIN;38
ADA00485;1;V2O5_U3O8;1.7;Tony M;MAIN;54
AE74A9F3;1;MG_LI;8.2;Hombre Muerto North Project;MAIN;59
AE74A9F3;2;MG_LI;3.9;Hombre Muerto North Project;MAIN;59
AE74A9F3;3;MG_LI;1.6;Hombre Muerto North Project;MAIN;59
AEAE0040;1;TH_REO;98.25;Bear Lodge REE deposit;MAIN;90
AEAE0040;2;U_REO;28.32;Bear Lodge REE deposit;MAIN;90
AF2EC638;1;K_RB;33.7;Dyke 1;MAIN;66
AF2EC638;2;K_RB;12.5;Dyke 1;MAIN;66
AF2EC638;3;NA_LI;2.83;Dyke 1;MAIN;66
B078464E;1;PT_PD;1.0;Platreef;MAIN;157
B0A9EC0E;1;NI_CO;4.2;Hautalampi;MAIN;22|26
B0A9EC0E;2;NI_CU;1.1;Hautalampi;MAIN;26
B0A9EC0E;3;CU_CO;3.8;Hautalampi;MAIN;26
B0AC38AC;1;MG_LI;2.37;Salar de Olaroz;MAIN;72
B0AC38AC;2;SO4_LI;24.9;Salar de Olaroz;MAIN;72
B0AC38AC;3;SO4_LI;26.7;Salar de Olaroz;MAIN;72
B0C06706;1;MG_LI;1.71;3Q Salar Complex;MAIN;68
B0C06706;2;SO4_LI;0.38;3Q Salar Complex;MAIN;68
B2EFBADD;1;MG_LI;2.37;Cauchari-Olaroz;MAIN;104
B2EFBADD;2;K_LI;8.08;Cauchari-Olaroz;MAIN;104
B2EFBADD;3;SO4_LI;28.28;Cauchari-Olaroz;MAIN;104
B2EFBADD;4;SO4_MG;11.96;Cauchari-Olaroz;MAIN;104
B2EFBADD;5;SO4_K;3.5;Cauchari-Olaroz;MAIN;104
B4C69380;1;PT_PD;1.0;Waterberg Extension Project;MAIN;34
B784E50F;1;CU_FE;0.1;Sunnyside;MAIN;49
B784E50F;2;CU_FE;10.0;Sunnyside;MAIN;49
B7EFF683;1;CR_FE;2.07;Big Daddy chromite deposit;MAIN;22
85FE3856;1;AU_AG;0.25;Cerro Casale;MAIN;79
8B7D478D;1;AG_AU;6.0;Taunus;MAIN;42
8DAD68E8;1;AU_AG;0.1;Regent;MAIN;34
8F7A34C8;1;AU_AG;0.02;Cove;MAIN;45|46
8F7A34C8;2;AU_AG;1.0;Cove;MAIN;45
92ED96D6;1;BI_AU;50.0;Jake Showing;MAIN;15
96A7F58A;1;AG_AU;40.0;El Compas;MAIN;45
96A7F58A;2;AG_AU;19.0;El Compas;MAIN;45
96A7F58A;3;AG_AU;43.0;El Compas;MAIN;45
96A7F58A;4;AG_AU;54.0;El Compas;MAIN;45
9B3C4EEB;1;AU_AG;2.33;Cross Mine;MAIN;47
9EFA5D28;1;AU_AG;0.154;San Rafael vein;MAIN;16
9EFA5D28;2;AU_AG;0.067;San Rafael vein;MAIN;16
9FC4FC49;1;AU_AG;1.5;Robertson;MAIN;48
AB72D5CD;1;AG_AU;17.0;Golden Arrow;MAIN;57
AB72D5CD;2;AG_AU;13.0;Golden Arrow;MAIN;57
AB72D5CD;3;AG_AU;12.0;Golden Arrow;MAIN;92
AE1345E6;1;AG_AU;40.0;El Compas;MAIN;65
AE1345E6;2;AG_AU;19.0;El Compas;MAIN;65
AE1345E6;3;AG_AU;43.0;El Compas;MAIN;65
AE1345E6;4;AG_AU;54.0;El Compas;MAIN;65
C379E321;1;AU_AG;0.0833;Kupol;MAIN;41|57
C432E9BA;1;AU_AG;0.083;Golden Arrow;MAIN;92
C9613727;1;AU_AG;0.33;Topacio Vein;MAIN;17
CB4755CE;1;AU_AG;0.1;Easter vein;MAIN;24
CFD844C8;1;AG_AU;0.4;Los Planes;MAIN;85
D19C5BAA;1;AG_AU;1.7;Coringa;MAIN;61
D19C5BAA;2;CU_AU;172.0;Coringa;MAIN;61
D19C5BAA;3;PB_AU;996.0;Coringa;MAIN;61
D19C5BAA;4;ZN_AU;1595.0;Coringa;MAIN;61
D19C5BAA;5;AG_AU;3.35;Coringa;MAIN;61
D19C5BAA;6;CU_AU;125.0;Coringa;MAIN;61
D19C5BAA;7;PB_AU;343.0;Coringa;MAIN;61
D19C5BAA;8;ZN_AU;333.0;Coringa;MAIN;61
D19C5BAA;9;AG_AU;4.2;Coringa;MAIN;61
D19C5BAA;10;CU_AU;232.0;Coringa;MAIN;61
D19C5BAA;11;PB_AU;2700.0;Coringa;MAIN;61
D19C5BAA;12;ZN_AU;1845.0;Coringa;MAIN;61
D19C5BAA;13;AG_AU;0.4;Coringa;MAIN;61
D19C5BAA;14;CU_AU;17.0;Coringa;MAIN;61
D19C5BAA;15;PB_AU;220.0;Coringa;MAIN;61
D19C5BAA;16;ZN_AU;76.0;Coringa;MAIN;61
D5449FF6;1;AG_AU;0.4;Los Planes;MAIN;78
D5C5FB83;1;AU_AG;0.5;Main Zone;MAIN;12
D59F4F9D;1;AU_AG;3.4;Aït Bou-Haddou;MAIN;68
D59F4F9D;2;AU_AG;5.75;Aït Bou-Haddou;MAIN;68
D59F4F9D;3;AU_AG;8.0;Aït Bou-Haddou;MAIN;69
D59F4F9D;4;AU_AG;3.05;Aït Bou-Haddou;MAIN;69
D59F4F9D;5;AU_AG;4.0;Aït Bou-Haddou;MAIN;69
D59F4F9D;6;AU_AG;0.81;Aït Bou-Haddou;MAIN;69
D68A71F7;1;AG_AU;13.0;Eureka West;MAIN;50
DD5ECD21;1;AG_AU;5.0;Graben deposit;MAIN;73
E83C7661;1;AG_AU;17.0;Golden Arrow;MAIN;57
E83C7661;2;AG_AU;12.0;Golden Arrow;MAIN;57|94
EB63F1A3;1;AU_AG;1.0;Fruta del Norte;MAIN;55|56|64
EF8D5275;1;AU_AG;0.25;Cerro Casale;MAIN;78
F4010243;1;AG_AU;5.0;Amisk gold deposit;MAIN;47
F4010243;2;AU_AG;10.0;Amisk gold deposit;MAIN;50
FECD7CE5;1;AG_AU;12.0;Kupol;MAIN;40|56
0090144A;1;AU_AG;0.1;Callanquitas;MAIN;41
03A01950;1;AG_AU;10.0;Callanquitas;MAIN;46
046864C9;1;FE_MG;5.0;Copperstone;MAIN;137
05154BA4;1;AG_AU;25.0;Calandria Sur;MAIN;45
05922523;1;AG_AU;1.6;Axel Ridge;MAIN;35
05922523;2;AG_AU;2.6;Axel Ridge;MAIN;35
07004442;1;AU_AG;0.1;Brucejack;MAIN;82
07004442;2;AU_AG;2.0;Brucejack;MAIN;82|87
077C76E7;1;AU_AG;0.1;San Martín;MAIN;24
0813E28A;1;AU_AG;1.5;Barje;MAIN;40
086BF6D1;1;AG_AU;0.85;Cove;MAIN;56
086BF6D1;2;AG_AU;2.25;Cove;MAIN;56
0AEBC0CC;1;AU_AG;2.57;Zancudo;MAIN;55
0BA8AEA8;1;AU_AG;2.57;Zancudo;MAIN;49
0C216B91;1;AU_AG;0.33;Trixie;MAIN;79
0C5C2E37;1;AG_AU;25.0;Calandria Sur;MAIN;34
0EE4F079;1;AU_AG;0.5;Sleeping Giant;MAIN;89|93
10DC6D99;1;AU_AG;0.1;Central Polymetallic Zone;MAIN;117
12432632;1;AU_AG;1.0;Fire Creek;MAIN;81
165C4EB3;1;AU_CU;1.0;Blue Lake;MAIN;22|24
17FED0B1;1;AU_AG;0.5;Mary K vein;MAIN;25
18046CF4;1;AU_AG;0.1;San Martin;MAIN;35
18996BFA;1;AU_AG;2.0;Brucejack;MAIN;42|44
19D4F2E9;1;AU_AG;0.5;Central Zone;MAIN;53
1AE07940;1;AU_AG;0.444;Cape Ray Gold Deposits;MAIN;58
1FE17C15;1;AU_AG;0.125;Moss Vein;MAIN;53
20F73A15;1;AU_AG;20.0;Lamaque Mine;MAIN;78
21232535;1;AU_AG;0.25;Kostilkovo Gold Project;MAIN;52
21232535;2;AU_AG;0.01;Kostilkovo Gold Project;MAIN;52
22158B32;1;AU_AG;1.0;Efemçukuru;MAIN;53
22158B32;2;AU_AG;0.1;Efemçukuru;MAIN;53
23E2AB4F;1;AU_AG;1.0;Gramalote Ridge;MAIN;82
2300FDF5;1;AU_AG;1.0;Gramalote Ridge;MAIN;82
23EF2460;1;AU_CU;0.03;Kışladağ;MAIN;53
250164CA;1;AU_AG;0.083;Shahuindo;MAIN;95
250164CA;2;AU_AG;0.029;Shahuindo;MAIN;95
250164CA;3;AU_AG;0.02;Shahuindo;MAIN;95
25A7823F;1;AU_AG;1.0;Bayan Khundii;MAIN;98
27B1AD13;1;AU_AG;0.44;Cape Ray Gold Deposit;MAIN;60
296FB1D8;1;AU_AG;0.1;Perron Orogenic Gold System;MAIN;73
2B1BF487;1;AU_AG;2.0;Brucejack Deposit;MAIN;44
2D0095C7;1;AU_AG;0.1;ATO;MAIN;44
2D0095C7;2;AU_AG;1.5;ATO;MAIN;48
300FEDE7;1;AU_AG;0.05;Lawyers Trend;MAIN;94
30929FCC;1;AU_AG;2.57;Zancudo;MAIN;47
323E790F;1;AU_AG;37.0;Berens River;MAIN;37
34DE2D6A;1;AU_AG;0.1;VOK Zone;MAIN;57
34DE2D6A;2;AU_AG;2.0;VOK Zone;MAIN;57
37B8CB8D;1;AU_AG;0.25;Main Zone;MAIN;51
39213E42;1;AU_AG;0.5;Newman Todd Structure;MAIN;88
3CE5E6C7;1;AG_AU;12.0;Shahuindo deposit;MAIN;49
3CE5E6C7;2;AG_AU;40.0;Shahuindo deposit;MAIN;49
3CE5E6C7;3;AG_AU;50.0;Shahuindo deposit;MAIN;49
3CE5E6C7;4;AG_AU;20.0;Shahuindo deposit;MAIN;50
3CE5E6C7;5;AG_AU;8.0;Shahuindo deposit;MAIN;50
3D2058D1;1;AG_AU;10.98;Angela Vein;MAIN;51
3D2058D1;2;AG_AU;34.98;Angela Vein;MAIN;51
3E327028;1;AG_AU;150.0;Premier;MAIN;67
3E327028;2;AG_AU;5.0;Premier;MAIN;67
414D5F62;1;AU_AG;5.67;La Mina;MAIN;83
421A2FEB;1;FE_MG;5.0;Copperstone;MAIN;64
432EB1F7;1;AU_AG;1.0;Alto Quemado Vein System;MAIN;31
432EB1F7;2;AU_AG;5.0;Alto Quemado Vein System;MAIN;31
43CE03C8;1;AU_AG;0.25;Main Zone;MAIN;38
49B77313;1;AG_AU;15.0;El Zapote;MAIN;23
4A51ABFD;1;AU_AG;3.0;Soledad Mountain;MAIN;48
4A51ABFD;2;AU_AG;1.0;Soledad Mountain;MAIN;49
4A51ABFD;3;AU_AG;0.1;Soledad Mountain;MAIN;49
4A51ABFD;4;AU_AG;0.029;Soledad Mountain;MAIN;49
4CD9F293;1;AG_AU;0.85;Cove;MAIN;41
4CD9F293;2;AG_AU;2.25;Cove;MAIN;41
4D20518F;1;AU_AG;0.5;Sleeping Giant mine;MAIN;34
4D26B20C;1;AU_AG;2.0;Eden;MAIN;51
4D4E3E0C;1;AG_AU;15.0;El Zapote;MAIN;30
4D977DA5;1;AU_AG;0.2;Graben;MAIN;75
4DF99FB9;1;AU_AG;1.0;Fire Creek;MAIN;71
4F04636B;1;AG_AU;8.0;Moss Vein;MAIN;74
4F6B1E0D;1;AU_AG;10.0;Golden Crown;MAIN;57
4F71888A;1;AU_AG;5.67;La Plata;MAIN;39
5128C016;1;AU_AG;0.01;San Miguel vein system;MAIN;60
52DFAF27;1;AU_AG;2.57;Zancudo;MAIN;40
53D9A77E;1;AU_AG;0.1;Loma Larga;MAIN;63
53AF8ED3;1;AU_AG;3.0;Brewery Creek;MAIN;43
556B7B48;1;AU_AG;0.5;Géant Dormant;MAIN;24
59ED0865;1;AG_AU;20.0;Lawyers Area;MAIN;125
5AEAAB38;1;AG_AU;71.0;Pampa Paciencia;MAIN;36
5E54F6FF;1;AU_AG;2.57;Zancudo;MAIN;50
5EBC5C43;1;AU_AG;10.2;Mato Bula;MAIN;64
5EBC5C43;2;AU_AG;5.3;Mato Bula;MAIN;66
5EBC5C43;3;AU_CU;5.6;Mato Bula;MAIN;66
5EBC5C43;4;AU_AG;0.4;Mato Bula;MAIN;68
5EBC5C43;5;AU_CU;5.0;Mato Bula;MAIN;68
61663810;1;AU_AG;1.0;Bayan Khundii;MAIN;104
605BF9D9;1;AU_AG;0.5;Sleeping Giant;MAIN;58|59|63
6173525A;1;AU_AG;5.67;La Plata deposit;MAIN;91
62C689F4;1;AU_AG;1.0;Fire Creek deposit;MAIN;64
647F3DAA;1;AU_AG;0.01;San Rafael Vein;MAIN;185
647F3DAA;2;AU_AG;1.0;San Rafael Vein;MAIN;185
65CC795B;1;AU_AG;0.0333;Wind Mountain;MAIN;49
67745E4B;1;AU_AG;0.034;St. Lawrence;MAIN;44
67745E4B;2;AU_AG;0.063;St. Lawrence;MAIN;44
6783FB74;1;AU_AG;0.1;San Martin;MAIN;26
6A4A44DB;1;AG_AU;2.4;Mohave Gold Project;MAIN;43
6C4075E1;1;AG_AU;15.0;El Zapote;MAIN;23
72035F13;1;AU_AG;0.99;Mojave Project;MAIN;67
74160946;1;AU_AG;1.5;La Colorada;MAIN;52
7430AD35;1;AU_AG;0.056;Molejón;MAIN;47
7430AD35;2;AU_AG;0.5;Molejón;MAIN;52
7430AD35;3;AU_AG;2.0;Molejón;MAIN;52
7732DA5A;1;AU_AG;25.0;La Calandria Sur;MAIN;47
7976B11C;1;AU_AG;0.015;Ixtaca Zone;MAIN;48
7976B11C;2;AU_AG;0.013;Ixtaca Zone;MAIN;48
7976B11C;3;AU_AG;0.05;Ixtaca Zone;MAIN;48
7C97D8ED;1;AG_AU;30.0;Wind Mountain;MAIN;49
7CCAFFB3;1;AU_AG;1.0;Quartz Mountain;MAIN;65
80B1242C;1;AU_AG;0.44;Cape Ray Gold Deposits;MAIN;60
8185B422;1;AU_AG;1.0;T'Boli;MAIN;28
82B83FEC;1;AU_AG;0.5;San Albino;MAIN;61
82B83FEC;2;AU_AG;1.0;San Albino;MAIN;58
853EBBCC;1;AG_AU;15.0;Gravel Creek;MAIN;77|223
87288A9D;1;AU_AG;0.44;Cape Ray Gold Deposits;MAIN;64
879DD034;1;CU_AU;0.03;Kışladağ;MAIN;45
8926B51F;1;AU_AG;0.083;Shahuindo;MAIN;53
8926B51F;2;AU_AG;0.029;Shahuindo;MAIN;53
8926B51F;3;AU_AG;0.02;Shahuindo;MAIN;53
8B24B9C6;1;AU_AG;0.05;Lawyers Trend;MAIN;114
8FF118DD;1;AG_AU;4.0;Hayden Hill;MAIN;39
9086B2E3;1;AU_AG;0.8;Bug Lake Trend;MAIN;27
9086B2E3;2;AU_AG;2.0;Bug Lake Trend;MAIN;27
9498BE30;1;AU_AG;0.54;San Ramon deposit;MAIN;73
94D3DF7C;1;AU_AG;1.0;Bayan Khundii;MAIN;76
9743F69A;1;AG_AU;7.0;Severance;MAIN;47
97BFF152;1;AU_AG;0.1;Las Cucharas district;MAIN;19
98243789;1;AG_AU;10.0;Salares Norte;MAIN;44
98A33EDF;1;AU_AG;1.0;South Arturo;MAIN;39
98A33EDF;2;AU_AG;0.2;South Arturo;MAIN;39
99108087;1;AU_AG;0.1;Vein 49/Nelson;MAIN;69
99A0E8D1;1;AU_AG;1.75;Martinière;MAIN;25
99A0E8D1;2;AU_AG;4.25;Martinière;MAIN;25
99A0E8D1;3;AU_AG;0.8;Martinière;MAIN;30
99A0E8D1;4;AU_AG;2.0;Martinière;MAIN;30
9A63E470;1;AU_CU;1.0;Rovina;MAIN;119
9ABE0328;1;AU_CU;24.7;Da Tambuk;MAIN;97
9B0D9737;1;AU_AG;0.1;Soledad Mountain;MAIN;66
9B0D9737;2;AU_AG;0.028;Soledad Mountain;MAIN;66
9B0D9737;3;AU_AG;1.0;Soledad Mountain;MAIN;66
9F0738E8;1;AU_AG;0.5;Géant Dormant;MAIN;38|41
A4588369;1;AU_AG;1.0;Gramalote Ridge;MAIN;70
A64BAD14;1;AG_AU;10.0;Wildcat Project;MAIN;53
A653F562;1;AU_AG;0.25;Adelaide-Crown Vein System;MAIN;62
A6A6B7B5;1;AU_AG;1.0;Bayan Khundii;MAIN;47
A7348C1D;1;AU_AG;1.0;Quartz Mountain Project;MAIN;28
A7EE216B;1;AG_AU;65.0;Rosario Vein;MAIN;41
A85D4789;1;AG_AU;0.85;Cove (Helen Zone);MAIN;53
A85D4789;2;AG_AU;2.25;Cove (CSD Zone);MAIN;53
A9D1C791;1;AU_AG;1.0;San Albino Deposit;MAIN;41
A9D2CE67;1;AU_AG;2.0;Mineral Ridge;MAIN;74|75
AA7DCD69;1;AU_AG;1.0;Gramalote Central;MAIN;37
AB272A5B;1;AU_AG;2.0;Frontenac-Bald Eagle Vein;MAIN;92
AD179E0B;1;AG_AU;90.0;La Silla Vein System;MAIN;37
AF30B0B6;1;AG_AU;0.85;Cove;MAIN;53
AF30B0B6;2;AG_AU;2.25;Cove;MAIN;53
AFDDB310;1;AU_AG;0.05;Santa Elena;MAIN;45
AFDDB310;2;AU_AG;0.01;Santa Elena;MAIN;45
B3054D0E;1;AU_AG;3.0;Brewery Creek;MAIN;44
B486BE70;1;AU_AG;1.0;Gramalote;MAIN;29
B45D0B70;1;AU_AG;0.167;Taunus;MAIN;49
B559C09F;1;AU_AG;1.0;Bayan Khundii;MAIN;82
B635F43D;1;AU_AG;0.05;AGB Zone;MAIN;67
B64BCB54;1;AU_AG;0.08333;Kupol;MAIN;47
B85D7A96;1;AU_AG;0.25;Main Zone;MAIN;41
BBBFB09F;1;AU_AG;2.0;VOK Zone;MAIN;66
BCC297E2;1;SILVER_GOLD;0.4;Los Planes;MAIN;78
BFAA847F;1;AU_AG;0.833;El Limon Mine;MAIN;42|43
BF67C208;1;AU_AG;0.1;Brucejack;MAIN;82
BF67C208;2;AU_AG;2.0;Brucejack;MAIN;82|87
C21A5759;1;AG_AU;2.7;La Libertad/Santo Domingo Veins;MAIN;44
C74E1ED6;1;AU_AG;0.1;Loma Larga;MAIN;71
C77F4C93;1;AU_AG;10.0;Golden Crown vein system;MAIN;46
C7BA46FD;1;AU_AG;0.067;El Zapote;MAIN;30
C9B94656;1;AU_AG;0.1;Easter Vein;MAIN;32
CA3D4916;1;AG_AU;8.36;San José de Gracia;MAIN;72|73
CCC61168;1;AU_AG;2.57;Zancudo;MAIN;58
CE9CA852;1;AU_AG;5.0;Monument Bay Au-W Deposit;MAIN;96
D0014B50;1;AU_AG;1.0;South Arturo Mine;MAIN;39
D0014B50;2;AU_AG;0.2;South Arturo Mine;MAIN;39
D19501FA;1;AU_AG;3.7;Savkino;MAIN;31
D2C1E0A3;1;AU_AG;0.5;Géant Dormant;MAIN;24|26
D5604739;1;AG_AU;1.3;Herbert Glacier;MAIN;21
D5ED36B8;1;AU_AG;0.036;Balabag;MAIN;38
D630A84B;1;AG_AU;3.0;Santa Rosa;MAIN;32
D67EB417;1;AU_AG;0.2;Ziggurat;MAIN;59
D6C8F623;1;AU_AG;0.25;Pridolinny;MAIN;61
D6AB9B93;1;AU_AG;0.01;San Miguel project;MAIN;39
D6AB9B93;2;AU_AG;0.05;San Miguel project;MAIN;39|54
DA9728F8;1;AU_AG;0.25;San Andrés Mine;MAIN;67
E280B622;1;AU_AG;0.4;Grassy Mountain;MAIN;41
E52BB65D;1;AU_AG;0.175;Iron Butte Property;MAIN;45
E6C29DFB;1;AU_AG;0.05;Santa Elena;MAIN;43
E6C29DFB;2;AU_AG;0.01;Santa Elena;MAIN;43
E8E18DCD;1;AU_AG;0.154;San Rafael Vein;MAIN;37|38
E8E18DCD;2;AU_AG;0.067;San Rafael Vein;MAIN;37|38
EAC2EC38;1;AU_AG;0.0154;Ixtaca Zone;MAIN;57
EAC2EC38;2;AU_AG;0.0133;Ixtaca Zone;MAIN;57
EAC2EC38;3;AU_AG;0.05;Ixtaca Zone;MAIN;57
F408E3A4;1;AU_AG;0.083;Shahuindo;MAIN;95
F408E3A4;2;AU_AG;0.029;Shahuindo;MAIN;95
F408E3A4;3;AU_AG;0.02;Shahuindo;MAIN;95
F6AD55FE;1;AU_AG;0.5;San Albino Deposit;MAIN;43
F8CED75B;1;AU_AG;0.5;Nalesbitan Hill;MAIN;16
FA12F08A;1;AU_AG;0.05;Lawyers Trend;MAIN;114
02848679;1;AU_AG;0.5;Nasedkino;MAIN;32
833C9BF8;1;AG_AU;15.0;La Bolsa;MAIN;45
F8DFAB5E;1;AG_AU;100.0;Tuscarora;MAIN;32
F8DFAB5E;2;AG_AU;15.0;Tuscarora;MAIN;32
C2AF73F9;1;AU_AG;0.125;Moss Vein;MAIN;59
BB9E4CCA;1;MG_LI;6.3;Salar de Pastos Grandes;MAIN;52
BB9E4CCA;2;MG_LI;8.0;Salar de Pastos Grandes;MAIN;61
BB9E4CCA;3;K_LI;11.0;Salar de Pastos Grandes;MAIN;61
BE27034F;1;MG_LI;4.6;Hombre Muerto North;MAIN;11
BE27034F;2;MG_LI;3.9;Hombre Muerto North;MAIN;11
BE27034F;3;MG_LI;8.2;Hombre Muerto North;MAIN;11
BE27034F;4;MG_LI;1.6;Hombre Muerto North;MAIN;11
C2A099EF;1;PT_PD;4.0;Gulçari A;MAIN;83|97
C2BD30E8;1;ZN_CU;1.0;Emerald Isle;MAIN;76
C3AEFA03;1;PT_PD;1.08;Black Thor;MAIN;32
C3F0A405;1;NI_CU;2.0;Lainejaur;MAIN;35
C3CD26B9;1;U_NI;100.0;Anne, Kianna and Colette Deposits;MAIN;74
C3CD26B9;2;U_AS;100.0;Anne, Kianna and Colette Deposits;MAIN;74
C3CD26B9;3;U_NI;10.0;Anne, Kianna and Colette Deposits;MAIN;74
C3CD26B9;4;U_AS;10.0;Anne, Kianna and Colette Deposits;MAIN;74
C3CD26B9;5;U_NI;3.0;Anne, Kianna and Colette Deposits;MAIN;74
C3CD26B9;6;U_AS;3.0;Anne, Kianna and Colette Deposits;MAIN;74
C5283361;1;CU_AU;1.25;Red-Chris;MAIN;51
C5283361;2;CU_AU;0.5;Red-Chris;MAIN;51
C5283361;3;CU_AU;0.4;Red-Chris;MAIN;51
C5283361;4;CU_AU;0.33;Red-Chris;MAIN;51
C5283361;5;CU_AU;0.25;Red-Chris;MAIN;51
C5BEF8F2;1;TA_NB;2.0;Greenbushes pegmatite;MAIN;27
C7756E56;1;PT_PD;1.0;UG2 Chromitite;MAIN;32
C7756E56;2;PT_PD;2.0;UG2 Chromitite;MAIN;32
CB40C5C5;1;CE_LA;2.0;No. 2 Showing;MAIN;28
CC19C135;1;MG_LI;2.6;Salar de Cauchari;MAIN;44
CC19C135;2;K_LI;8.5;Salar de Cauchari;MAIN;44
CC19C135;4;MG_LI;2.54;Salar de Cauchari;MAIN;45
CC19C135;5;K_LI;9.67;Salar de Cauchari;MAIN;45
CC19C135;6;SO4_LI;53.04;Salar de Cauchari;MAIN;45
CC19C135;7;SO4_MG;18.78;Salar de Cauchari;MAIN;45
CC19C135;8;CA_LI;0.382;Salar de Cauchari;MAIN;45
CC2043C6;1;NI_CU;3.9;Maniitsoq Project;MAIN;77
CC2043C6;2;NI_CU;15.2;Maniitsoq Project;MAIN;77
CC2043C6;3;NI_CO;32.1;Maniitsoq Project;MAIN;77
CC2043C6;4;NI_CO;33.2;Maniitsoq Project;MAIN;77
CD09006C;1;AU_CU;0.5;Ming Mine;MAIN;60
CD8F8661;1;LA_YB;5.0;Lansdowne House Igneous Complex (LHIC) Mineralization;MAIN;71|94
CD8F8661;2;LA_YB;11.0;Lansdowne House Igneous Complex (LHIC) Mineralization;MAIN;69|96
D0730A98;1;PT_PD;1.67;Waterberg Project;MAIN;44|45
D0730A98;2;PT_PD;1.82;Waterberg Project;MAIN;46
D0730A98;3;PT_PD;2.0;Waterberg Project;MAIN;46
D31733FD;1;PT_PD;0.59;Waterberg Project;MAIN;75|76
D3DB8733;1;PD_PT;10.0;Mine Block Intrusion;MAIN;72|82
D4336065;1;PT_PD;4.0;Gulçari A;MAIN;91|104
D4EC108A;1;V2O5_U3O8;1.7;Tony M Mine;MAIN;58
D4EC108A;2;V2O5_U3O8;1.64;Tony M Mine;MAIN;58
D4EC108A;3;V2O5_U3OG;5.0;Tony M Mine;MAIN;62
D4EC108A;4;V2O5_U3O8;3.0;Tony M Mine;MAIN;63
D4EC108A;5;V2O5_U3O8;1.66;Tony M Mine;MAIN;63
D4EBDC84;1;PT_PD;1.0;Waterberg;MAIN;48
D4EBDC84;2;PT_PD;0.59;Waterberg;MAIN;59|60
D7A589EB;1;CU_NI;8.0;Thierry Deposit;MAIN;51|54
D7A589EB;2;CU_NI;2.0;Thierry Deposit;MAIN;51
D7A589EB;3;PT_PD;0.25;Thierry Deposit;MAIN;54
D8E0EC50;1;MG_CA;0.4;Bornite;MAIN;47
D8E3F8AA;1;CU_NI;1.0;Sheep Hill;MAIN;38
D923AD9E;1;MG_LI;2.37;Cauchari-Olaroz;MAIN;116
D923AD9E;2;K_LI;8.08;Cauchari-Olaroz;MAIN;116
D923AD9E;3;SO4_LI;28.28;Cauchari-Olaroz;MAIN;116
D923AD9E;4;SO4_MG;11.96;Cauchari-Olaroz;MAIN;116
D923AD9E;5;SO4_K;3.5;Cauchari-Olaroz;MAIN;116
D8FA8BCD;1;AU_CU;0.4;Kerr Zone;MAIN;41
DBD528B7;1;PT_PD;1.21;Mareesburg;MAIN;35
DC7F02B3;1;MG_LI;3.27;HMN Project;MAIN;97
DC7F02B3;2;SO4_LI;16.62;HMN Project;MAIN;97
DD73E387;1;HREO_TREO;0.27;Philadelphia;MAIN;14
DDE71293;1;AU_CU;0.2;Groundhog;MAIN;38
E1AE2297;1;PD_PT;10.0;Mine Block Intrusion;MAIN;78|86
E30DC839;1;MG_LI;2.8;Sal de Vida;MAIN;111
E30DC839;2;MG_LI;1.84;Sal de Vida;MAIN;111
E3471FA8;1;V2O5_U3O8;7.0;Sage Plain Project;MAIN;19
E4FFD47C;1;V_U;10.0;YR Uranium Project;MAIN;48
E4FFD47C;2;V_U;1.3;YR Uranium Project;MAIN;51
E4FFD47C;3;V_U;5.0;YR Uranium Project;MAIN;66
E4FFD47C;4;V_U;1.8;YR Uranium Project;MAIN;68
E6E58F1C;1;MG_LI;1.0;Guayatayoc;MAIN;46
E7D084FB;1;U_V;0.25;AMC CO Uranium Project;MAIN;51
E7D084FB;2;U_V;0.1667;AMC CO Uranium Project;MAIN;51
E7D084FB;3;V_U;6.0;AMC CO Uranium Project;MAIN;63
E7D084FB;4;V_U;9.0;AMC CO Uranium Project;MAIN;79
E80D5AAD;1;AU_CU;5.0;Dumitru Potok;MAIN;60
E8320E84;1;HREE_TREE;96.3;Area 4;MAIN;96
E86596E6;1;CU_NI;8.0;Thierry;MAIN;41|44
E86596E6;2;CU_NI;2.0;Thierry;MAIN;41
E86596E6;5;PT_PD;0.25;Thierry;MAIN;44
E9856331;1;ZN_PB;35.0;Empire State Mines;MAIN;52
EAE84203;1;PT_PD;4.0;Gulçari A;MAIN;40
EBA9B8CC;1;PT_PD;4.0;Gulçari A (Campbell);MAIN;96
EBB9158C;1;V2O5_U3O8;5.94;Willhunt;MAIN;13
ED1F3CA0;1;MG_LI;6.3;Salar de Pastos Grandes;MAIN;65
ED1F3CA0;2;MG_LI;8.0;Salar de Pastos Grandes;MAIN;73
ED1F3CA0;3;K_LI;11.0;Salar de Pastos Grandes;MAIN;73
EE545C8A;1;U_TH;52.1;Cree East Project;MAIN;55|56
EE545C8A;2;U_TH;259.5;Cree East Project;MAIN;55|56
EE545C8A;3;U_TH;49.1;Cree East Project;MAIN;55|56
EE545C8A;4;U_TH;30.8;Cree East Project;MAIN;59
EE73BD87;1;LA_ND;0.38;Sarfartoq Carbonatite Complex;MAIN;47
EE73BD87;2;LA_ND;1.06;Sarfartoq Carbonatite Complex;MAIN;47
EE73BD87;3;LA_ND;2.31;Sarfartoq Carbonatite Complex;MAIN;47
EFA027BF;1;CU_NI;8.0;Thierry;MAIN;40|43
EFA027BF;2;CU_NI;2.0;Thierry;MAIN;40
EFA027BF;5;PT_PD;0.25;Thierry;MAIN;43
F36423EA;1;AU_CU;1.0;Kiseljak;MAIN;46
F39DC06F;1;V2O5_U3O8;5.59;Farmer Girl Mine;MAIN;9
F49BDABD;1;V2O5_U3O8;4.0;Torbyn Mine;MAIN;9
F49BDABD;2;V2O5_U3O8;3.74;Torbyn Mine;MAIN;10
F575225E;1;MG_LI;2.55;Cauchari-Olaroz Salars;MAIN;77
F575225E;2;K_LI;9.07;Cauchari-Olaroz Salars;MAIN;77
F575225E;3;SO4_LI;31.41;Cauchari-Olaroz Salars;MAIN;77
F575225E;4;SO4_MG;12.3;Cauchari-Olaroz Salars;MAIN;77
F575225E;5;SO4_K;3.46;Cauchari-Olaroz Salars;MAIN;77
F560E9E1;1;V2O5_U3O8;10.75;Wray Mesa Project;MAIN;40
F560E9E1;2;V2O5_U3O8;11.87;Wray Mesa Project;MAIN;40
F560E9E1;3;V2O5_U3O8;5.35;Wray Mesa Project;MAIN;40
F560E9E1;4;V2O5_U3O8;27.14;Wray Mesa Project;MAIN;40
F5E2015F;1;PD_PT;4.4;Ore Fault Zone;MAIN;57
F5E705F8;1;F_LI;6.5;Thompson Valley North Area;MAIN;68
F5E705F8;2;SR_LI;2.8;Thompson Valley North Area;MAIN;68
F626E0DA;1;PD_PT;3.6;J-M Reef;MAIN;34
F626E0DA;2;PT_PD;0.2857;J-M Reef;MAIN;39
F7AAA3F1;1;MG_LI;2.3;Olaroz Salar;MAIN;124
F7AAA3F1;2;SO4_LI;23.0;Olaroz Salar;MAIN;124|125
F7AAA3F1;3;K_LI;7.0;Olaroz Salar;MAIN;125
F7AAA3F1;4;MG_LI;2.46;Olaroz Salar;MAIN;125
F7AAA3F1;5;K_LI;8.77;Olaroz Salar;MAIN;125
F7AAA3F1;6;SO4_LI;26.8;Olaroz Salar;MAIN;125
F7AAA3F1;7;SO4_MG;10.93;Olaroz Salar;MAIN;125
F7AAA3F1;8;CA_LI;0.7;Olaroz Salar;MAIN;125
FCF86249;1;NI_CU;1.0;Mequillon;MAIN;26
FF50172B;1;V_U;6.66;Blue Streak Complex;MAIN;22
FF50172B;2;V_U;6.7;Blue Streak Complex;MAIN;22
FF6F50D3;1;MG_LI;2.37;Cauchari-Olaroz Salars;MAIN;103
FF6F50D3;2;K_LI;8.08;Cauchari-Olaroz Salars;MAIN;103
FF6F50D3;3;SO4_LI;28.28;Cauchari-Olaroz Salars;MAIN;103
FF6F50D3;4;SO4_MG;11.96;Cauchari-Olaroz Salars;MAIN;103
FF6F50D3;5;SO4_K;3.5;Cauchari-Olaroz Salars;MAIN;103
